Words,Count
the,267
to,259
and,247
you,172
that,170
of,158
we,150
a,137
in,107
so,87
have,81
I,79
is,70
be,62
our,58
know,58
are,57
with,56
for,51
it,47
really,46
on,46
do,44
what,43
this,41
all,36
how,36
think,36
going,33
as,32
at,32
but,29
Johnson,28
about,28
company,27
very,27
will,26
thank,24
into,24
one,23
can,23
if,21
also,21
data,20
get,19
people,19
not,19
things,18
like,18
now,18
able,17
new,17
your,17
way,17
right,17
patients,16
an,16
me,16
then,16
has,16
us,15
work,15
technology,15
great,15
when,15
need,14
they,14
make,14
those,14
where,14
go,14
more,14
or,14
doing,14
continue,13
been,13
them,13
who,13
today,13
much,13
want,13
well,12
important,12
many,12
would,12
these,11
sure,11
just,11
from,11
patient,11
part,11
look,11
there,11
digital,11
see,10
lot,10
working,10
help,10
say,9
being,9
some,9
big,9
were,9
did,8
out,8
their,8
getting,8
which,8
whether,8
before,8
thing,8
through,8
could,8
by,8
time,8
first,8
better,8
around,8
had,7
up,7
year,7
guys,7
was,7
done,7
different,7
good,7
order,7
my,7
actually,7
every,7
last,7
come,7
opportunity,7
back,7
impact,7
looking,7
couple,6
key,6
use,6
using,6
business,6
successful,6
because,6
job,6
jjt,6
ways,6
future,6
came,6
am,6
during,6
EC,6
early,6
tell,6
team,6
only,6
should,6
single,6
Larry,5
science,5
second,5
town,5
here,5
put,5
number,5
hall,5
talk,5
even,5
lung,5
two,5
forward,5
keep,5
still,5
organization,5
taking,5
identify,5
prioritize,5
best,5
does,5
check,5
no,4
heart,4
quality,4
something,4
mean,4
end,4
kind,4
clear,4
drug,4
chain,4
helping,4
view,4
day,4
moving,4
having,4
drive,4
let,4
world,4
take,4
find,4
tech,4
digitally,4
proud,4
tremendous,4
everything,4
areas,4
external,4
mission,4
companies,4
Healthcare,4
excited,4
over,4
outcomes,4
throughout,4
members,4
hope,4
health,4
both,3
certain,3
following,3
place,3
create,3
space,3
humbled,3
show,3
run,3
leader,3
times,3
multiple,3
types,3
hand,3
honored,3
start,3
close,3
remind,3
January,3
call,3
course,3
making,3
progress,3
molecules,3
clinical,3
other,3
information,3
another,3
made,3
own,3
yeah,3
nothing,3
driving,3
everybody,3
efforts,3
treatment,3
ready,3
pace,3
too,3
leaders,3
enabling,3
consumer,3
why,3
never,3
systems,3
effective,3
needs,3
already,3
next,3
cancer,3
knowledge,3
convinced,3
Credo,3
center,3
example,3
same,3
grateful,3
committee,3
maybe,3
executive,3
gate,3
understand,3
deliver,3
type,3
hard,3
light,3
welcome,3
trying,3
please,3
achieving,3
surgery,3
change,3
core,3
strength,3
affect,3
genomic,3
home,3
amazing,3
coming,3
aspects,3
within,3
years,3
said,3
products,3
Joaquin,3
experience,3
Rowena,3
role,3
absolutely,3
engine,3
corporate,3
move,2
corners,2
thinking,2
active,2
difficult,2
environment,2
agenda,2
diagnosed,2
together,2
takes,2
imagined,2
extra,2
trust,2
fireside,2
sequences,2
medicine,2
spec,2
step,2
than,2
examples,2
heard,2
results,2
read,2
Rhythm,2
abnormal,2
credibility,2
feel,2
Bill,2
Ashley,2
segment,2
list,2
questions,2
interrogation,2
save,2
partnership,2
scan,2
calling,2
machine,2
learning,2
large,2
automation,2
third,2
begin,2
talent,2
So,2
terms,2
treating,2
benefit,2
post,2
add,2
greatest,2
value,2
without,2
strive,2
means,2
platform,2
likely,2
become,2
addition,2
stay,2
Prior,2
case,2
most,2
amounts,2
used,2
connectivity,2
behind,2
healthcare,2
delivered,2
fact,2
journey,2
review,2
mountains,2
question,2
impressive,2
remarkable,2
share,2
side,2
versus,2
dot,2
starting,2
select,2
mapping,2
sorts,2
sites,2
high,2
Jennifer,2
studies,2
again,2
live,2
morning,2
once,2
current,2
started,2
power,2
chance,2
Innovation,2
recognition,2
biggest,2
Journey,2
whole,2
trials,2
changes,2
system,2
house,2
indicators,2
imagine,2
may,2
communicate,2
three,2
suddenly,2
perspective,2
treated,2
reality,2
billion,2
four,2
cross,2
soon,2
compliant,2
correct,2
disease,2
humidity,2
keeps,2
area,2
neurons,2
brain,2
cases,2
accessibility,2
lose,2
docked,2
appear,2
structures,2
behalf,2
controls,2
significant,2
career,2
showcase,2
highlight,2
awesome,2
happens,2
credit,2
love,2
celebrating,2
happen,2
programs,2
dollars,2
million,2
achieve,2
savings,2
focused,2
shows,2
meeting,2
utilization,2
element,2
closely,2
creating,2
exciting,2
adventure,2
employees,2
panel,2
he,2
meets,2
turn,2
thanks,2
Choice,2
until,2
operating,2
milestone,2
goals,2
access,2
camview,2
selling,2
shout,2
lead,2
execution,2
signify,2
modernize,2
connecting,2
accomplishments,2
canvue,2
talked,2
ago,2
looked,2
such,2
group,2
listening,2
past,2
long,2
improve,2
wanted,2
accomplish,2
ask,2
mind,2
lives,2
transformation,2
answer,2
situation,2
invite,2
any,2
real,2
circumstances,2
his,2
sometimes,2
CEO,2
yes,2
normal,2
enable,2
stakeholders,2
web,2
presence,2
supply,2
little,2
others,2
bit,2
aspect,2
commercial,2
building,2
focus,2
trusted,2
built,2
Liz,2
remain,2
Ami,1
cement,1
vadnab,1
hits,1
Amy,1
provider,1
entrusted,1
complex,1
succeed,1
egfr,1
regulations,1
ones,1
success,1
regulators,1
drugs,1
Translating,1
practice,1
entity,1
selective,1
discussed,1
patience,1
signature,1
particularly,1
authority,1
principles,1
requires,1
huge,1
choiceful,1
biomarkers,1
sequencing,1
while,1
specific,1
useful,1
Forefront,1
almost,1
alluded,1
inflation,1
introduce,1
pretty,1
recession,1
macroeconomic,1
shine,1
papers,1
headwinds,1
hey,1
always,1
thoughts,1
redesign,1
vaccine,1
internally,1
sides,1
challenges,1
else,1
history,1
market,1
threw,1
patent,1
expirations,1
alluding,1
war,1
least,1
EGF,1
insertion,1
shoes,1
previously,1
choosing,1
less,1
stopping,1
actions,1
depend,1
Guana,1
eat,1
aggregation,1
curation,1
professionals,1
advance,1
possibilities,1
concept,1
Reflections,1
emergence,1
variety,1
Technologies,1
changed,1
speak,1
life,1
easy,1
interested,1
holiday,1
quick,1
Beetle,1
goes,1
potentially,1
fatal,1
ventricular,1
shocks,1
hospitals,1
wonderful,1
ultimately,1
fibrillation,1
defibrillator,1
automatically,1
consider,1
jjd,1
class,1
comprehend,1
distractions,1
Beyond,1
human,1
emphasis,1
expect,1
strategy,1
purpose,1
play,1
model,1
Google,1
full,1
hugely,1
assessment,1
chemical,1
performance,1
gym,1
sophisticated,1
unnotice,1
distinguishes,1
scenes,1
although,1
enormous,1
reservoir,1
small,1
effort,1
target,1
helped,1
Amazon,1
dock,1
says,1
site,1
Apple,1
gone,1
fucking,1
caring,1
decorated,1
risk,1
intervene,1
top,1
sooner,1
text,1
him,1
session,1
holds,1
showed,1
hours,1
hearts,1
intelligent,1
minds,1
organizers,1
inward,1
centers,1
road,1
traditionally,1
compute,1
Empower,1
above,1
beyond,1
actual,1
specially,1
themselves,1
litigation,1
fix,1
employee,1
wait,1
augmented,1
operations,1
destroyed,1
try,1
pride,1
hopefully,1
click,1
contracts,1
words,1
leaning,1
disabilities,1
accessible,1
consistent,1
influence,1
write,1
accumulation,1
support,1
talking,1
operate,1
standardization,1
Kathy,1
Grassroots,1
upscale,1
cells,1
cell,1
moderating,1
audience,1
phones,1
detect,1
behave,1
subtle,1
esteemed,1
New,1
emerge,1
Generation,1
might,1
standpoint,1
obvious,1
conversation,1
beginning,1
visits,1
analytics,1
hip,1
various,1
cataract,1
climb,1
colorectal,1
Jim,1
Co,1
surgeries,1
turnover,1
intervention,1
tracking,1
compassionate,1
date,1
pain,1
score,1
Telehealth,1
visit,1
Hill,1
implants,1
based,1
food,1
knee,1
procedure,1
spaghetti,1
directly,1
correlated,1
outcome,1
nutrition,1
steeper,1
myself,1
thought,1
surprise,1
showing,1
nice,1
scientifically,1
encouraged,1
platforms,1
complacent,1
yearly,1
Physicians,1
Aid,1
favorite,1
vote,1
particular,1
event,1
parts,1
fun,1
companion,1
programming,1
internet,1
additional,1
education,1
virtual,1
places,1
truly,1
beat,1
rockstars,1
fundamental,1
Hospital,1
cures,1
process,1
ladies,1
Contracting,1
catch,1
red,1
comes,1
blinking,1
thoughtful,1
completely,1
treat,1
skill,1
lens,1
advancements,1
rhythm,1
Purpose,1
unique,1
younger,1
competitive,1
Cambio,1
moment,1
propel,1
clearly,1
medicines,1
medical,1
bring,1
decade,1
combination,1
handle,1
function,1
HR,1
Finance,1
powered,1
cycle,1
progressing,1
extent,1
evolve,1
Hollywood,1
boost,1
mongo,1
iconic,1
mentioned,1
room,1
convey,1
Bernardo,1
appreciate,1
wish,1
widely,1
independent,1
capitalize,1
brands,1
Tebow,1
known,1
baby,1
shampoo,1
standalone,1
bigger,1
plus,1
remiss,1
recognize,1
Signet,1
including,1
Driven,1
creation,1
optimistic,1
hi,1
hello,1
accelerating,1
steep,1
curve,1
Pharmaceuticals,1
strides,1
omnichannel,1
commercially,1
powering,1
across,1
regions,1
sciences,1
AI,1
ml,1
customer,1
reach,1
message,1
prescription,1
efficient,1
finding,1
Rubina,1
Investments,1
cuz,1
Engagement,1
bright,1
address,1
makes,1
positive,1
impressed,1
survey,1
willing,1
mile,1
harder,1
wants,1
stop,1
chats,1
stage,1
car,1
either,1
invites,1
chat,1
pre,1
submitted,1
wave,1
possible,1
instrumental,1
monitors,1
competition,1
expertise,1
bed,1
strategies,1
shut,1
healthy,1
setup,1
pole,1
happening,1
groups,1
set,1
super,1
recently,1
announce,1
chairman,1
interim,1
CIO,1
walk,1
everyone,1
reason,1
became,1
interview,1
domain,1
global,1
Leaders,1
supportive,1
afternoon,1
ever,1
Tech,1
Huds,1
affirmation,1
importance,1
quarter,1
weeks,1
seen,1
gene,1
Business,1
therapy,1
carvicky,1
foundations,1
finance,1
transcend,1
compliantly,1
cybersecurity,1
Foundation,1
listen,1
ahead,1
endeavor,1
kenview,1
comedy,1
networks,1
Marines,1
Marina,1
Marine,1
onions,1
marine,1
IRS,1
happened,1
track,1
Cloud,1
adoption,1
indicator,1
modernizing,1
infrastructure,1
contributed,1
somehow,1
historical,1
Camby,1
period,1
candy,1
public,1
security,1
contact,1
interesting,1
impatient,1
raditan,1
contributions,1
discuss,1
rest,1
activity,1
Echo,1
becoming,1
enabled,1
refers,1
impacting,1
Galileo,1
matters,1
accomplishing,1
highlights,1
intelling,1
Automation,1
efficiencies,1
leave,1
static,1
effectively,1
customers,1
frequency,1
greater,1
give,1
Tylenol,1
smog,1
received,1
Middle,1
Monday,1
entry,1
telemedicine,1
acquisition,1
smoking,1
cessation,1
previous,1
externally,1
difference,1
continues,1
shiny,1
objects,1
face,1
transformational,1
far,1
guess,1
Diamond,1
translates,1
compared,1
night,1
Arrangement,1
bottom,1
overall,1
Falcon,1
smooth,1
cut,1
hundreds,1
cousins,1
months,1
TSA,1
count,1
position,1
continued,1
commitment,1
auto,1
transform,1
pillar,1
identified,1
accelerate,1
sector,1
separate,1
name,1
View,1
messaging,1
currently,1
bifurcations,1
nodule,1
biopsy,1
energy,1
diseases,1
interrogated,1
proteomic,1
metabolomic,1
ourselves,1
wearables,1
plantables,1
Invisibles,1
monitoring,1
inspecting,1
autonomously,1
correction,1
note,1
crazy,1
futuristic,1
implantable,1
implanted,1
GPS,1
uses,1
operator,1
Monarch,1
problems,1
curing,1
late,1
instrument,1
monarch,1
works,1
robotic,1
pulmonic,1
bronchoscope,1
lungs,1
image,1
colonoscope,1
cold,1
anywhere,1
nodules,1
CAT,1
CT,1
loads,1
algorithm,1
converts,1
delivery,1
teams,1
after,1
sometime,1
act,1
largest,1
facing,1
Brands,1
folks,1
Act,1
app,1
category,1
strains,1
usage,1
fast,1
growing,1
biasis,1
Webster,1
cardiac,1
ablation,1
manage,1
afib,1
prevent,1
stroke,1
cartonet,1
businesses,1
med,1
putting,1
empowered,1
vehicle,1
Springs,1
blood,1
reengineering,1
fight,1
flow,1
custody,1
identity,1
highly,1
outside,1
Verina,1
partners,1
piece,1
gets,1
accompanying,1
staying,1
connected,1
ideas,1
bill,1
hoping,1
interoperatively,1
lesions,1
ablating,1
design,1
acknowledge,1
obviously,1
soft,1
tissue,1
robotics,1
applications,1
sop,1
seconds,1
innovate,1
control,1
Cutting,1
congratulations,1
Kennedy,1
build,1
kings,1
comment,1
Point,1
worked,1
must,1
moved,1
Edge,1
The,1
rack,1
assist,1
stack,1
tuned,1
family,1
ABIA,1
Med,1
dollar,1
Medtech,1
cool,1
smart,1
program,1
bedside,1
iPhone,1
tracks,1
cath,1
lab,1
communication,1
rep,1
physician,1
adjust,1
anything,1
season,1
